{
  "symmetric": {
    "perplexity": 30791.866390455514,
    "avg_bits": 1.6034094074676777
  },
  "asymmetric": {
    "perplexity": 295858.48532335553,
    "avg_bits": 1.6035589144147675
  }
}