{
  "weight": {
    "perplexity": 29877.107826865144,
    "avg_bits": 1.6030418574810028
  },
  "channel": {
    "perplexity": 228926.55606666172,
    "avg_bits": 1.5356613685344827
  },
  "layer": {
    "perplexity": 190059.86085329286,
    "avg_bits": 1.4450431034482758
  }
}