{
  "n128": {
    "perplexity": 31424.749805293886,
    "avg_bits": 1.60285939533135
  },
  "n256": {
    "perplexity": 29877.107826865144,
    "avg_bits": 1.6030418574810028
  },
  "n512": {
    "perplexity": 30936.089338004196,
    "avg_bits": 1.603375370132512
  },
  "n1024": {
    "perplexity": 31774.319829747576,
    "avg_bits": 1.6032249454794258
  }
}